id,first_name,last_name,email,gender,ip_address
1,Dalli,Attenbrow,dattenbrow0@skype.com,Male,190.7.182.9
2,Lorenzo,Basnett,lbasnett1@wired.com,Male,20.209.231.171
3,Addy,Prinn,aprinn2@newsvine.com,Male,156.117.79.137
4,Melosa,Hanselmann,mhanselmann3@umn.edu,Female,200.86.119.203
5,Doroteya,Caulwell,dcaulwell4@goodreads.com,Female,102.230.30.17
6,Spike,Bartolomeu,sbartolomeu5@theatlantic.com,Male,228.165.237.161
7,Steffen,Collicott,scollicott6@seesaa.net,Male,95.194.205.237
8,Oliver,Lettuce,olettuce7@flavors.me,Male,91.125.104.227
9,Fina,Gyppes,fgyppes8@virginia.edu,Female,113.145.11.215
10,Sonny,Kupke,skupke9@msu.edu,Female,136.110.165.71
11,Marita,Pee,mpeea@scribd.com,Female,222.176.99.179
12,Tildi,Skett,tskettb@xinhuanet.com,Female,202.118.1.84
13,Kaitlynn,Crowne,kcrownec@google.ca,Female,127.113.242.80
14,Faunie,Drife,fdrifed@miitbeian.gov.cn,Female,246.165.31.4
15,Claude,Whoolehan,cwhoolehane@mac.com,Female,117.6.147.63
16,Noelle,Monelli,nmonellif@cargocollective.com,Female,33.223.250.218
17,Latrena,Lepper,llepperg@bbc.co.uk,Female,0.43.175.234
18,Stella,Dunford,sdunfordh@nba.com,Female,189.37.123.60
19,Seamus,Fildery,sfilderyi@pinterest.com,Male,215.101.35.117
20,Ingar,Castellino,icastellinoj@gov.uk,Male,103.48.220.29
21,Elvyn,Wedmore,ewedmorek@hubpages.com,Male,250.98.192.252
22,Kipper,Doohey,kdooheyl@t.co,Male,245.56.227.14
23,Clayborne,Mogie,cmogiem@youtu.be,Male,67.210.101.56
24,Marlie,Borman,mbormann@salon.com,Female,188.59.93.71
25,Harley,Affuso,haffusoo@earthlink.net,Male,115.170.0.171
26,Raffaello,Keighly,rkeighlyp@rakuten.co.jp,Male,124.53.33.226
27,Egbert,Sloper,esloperq@example.com,Male,232.9.175.43
28,Stevy,Fomichyov,sfomichyovr@nytimes.com,Male,183.168.162.193
29,Tressa,Eldritt,teldritts@example.com,Female,152.76.49.176
30,Fred,Showl,fshowlt@hibu.com,Male,153.96.144.165
31,Arnaldo,Cowans,acowansu@dot.gov,Male,235.52.181.121
32,Michelle,Le Fevre,mlefevrev@trellian.com,Female,134.128.139.24
33,Shaughn,Muldrew,smuldreww@opensource.org,Male,3.25.144.72
34,Deedee,Bilney,dbilneyx@studiopress.com,Female,145.228.38.57
35,Nikolos,Rowles,nrowlesy@cnet.com,Male,221.53.194.194
36,Wenona,Brenneke,wbrennekez@arizona.edu,Female,119.167.58.5
37,Maude,Talmadge,mtalmadge10@com.com,Female,10.213.9.238
38,Renard,Sherrington,rsherrington11@cnet.com,Male,44.182.48.159
39,Talbot,Logue,tlogue12@blogger.com,Male,50.135.237.213
40,Lizzy,Tavernor,ltavernor13@addthis.com,Female,220.5.143.234
41,Daryl,Castagne,dcastagne14@accuweather.com,Male,112.73.120.40
42,Aime,Wallbrook,awallbrook15@nhs.uk,Female,8.161.61.116
43,Meghan,Battye,mbattye16@ning.com,Female,247.14.204.52
44,Tonnie,Demsey,tdemsey17@si.edu,Male,138.158.252.154
45,Stillman,Doelle,sdoelle18@psu.edu,Male,99.240.209.114
46,Cesaro,Escudier,cescudier19@omniture.com,Male,41.51.148.93
47,Ira,Raincin,iraincin1a@wufoo.com,Female,96.137.197.28
48,Diahann,Mazillius,dmazillius1b@smh.com.au,Female,72.187.227.46
49,Lanny,Doniso,ldoniso1c@constantcontact.com,Female,231.3.231.153
50,Clemmy,Carren,ccarren1d@paypal.com,Male,190.199.244.44
51,Terese,McKintosh,tmckintosh1e@alibaba.com,Female,119.172.136.72
52,Terri,Barnwall,tbarnwall1f@hao123.com,Male,212.214.67.70
53,Xylia,Inmett,xinmett1g@cloudflare.com,Female,163.140.105.46
54,Leslie,Weiner,lweiner1h@spiegel.de,Male,120.27.72.229
55,Kennett,Stichel,kstichel1i@weibo.com,Male,23.75.243.28
56,Rea,Sanja,rsanja1j@businessinsider.com,Female,195.251.27.184
57,Didi,Hasser,dhasser1k@elpais.com,Female,96.183.100.15
58,Dorris,Arnaud,darnaud1l@google.es,Female,253.236.209.61
59,Twila,Thripp,tthripp1m@hud.gov,Female,90.5.81.47
60,Paulina,Forsbey,pforsbey1n@guardian.co.uk,Female,90.46.189.124
61,Aurie,Coakley,acoakley1o@sohu.com,Female,254.166.131.103
62,Leena,McGriele,lmcgriele1p@addtoany.com,Female,106.197.87.238
63,Clarissa,McCarry,cmccarry1q@hhs.gov,Female,5.30.6.61
64,Karalee,Sushams,ksushams1r@opensource.org,Female,78.107.136.105
65,Clotilda,Arrighi,carrighi1s@163.com,Female,142.167.234.119
66,Gabriel,Fancett,gfancett1t@xing.com,Male,19.26.99.88
67,Verina,Wain,vwain1u@ow.ly,Female,214.15.82.99
68,Vivien,Wreight,vwreight1v@comcast.net,Female,178.105.243.185
69,Conrade,MacConnal,cmacconnal1w@printfriendly.com,Male,196.46.201.4
70,Charissa,Struis,cstruis1x@mapquest.com,Female,142.160.237.148
71,Lauri,Djokovic,ldjokovic1y@ft.com,Female,7.25.36.243
72,Randall,Hentzer,rhentzer1z@biglobe.ne.jp,Male,163.202.192.228
73,Warren,Franklyn,wfranklyn20@nsw.gov.au,Male,57.212.189.12
74,Chandler,Northbridge,cnorthbridge21@opera.com,Male,196.237.79.26
75,Homer,Rubinsky,hrubinsky22@pbs.org,Male,236.28.48.230
76,Gaye,MacCartair,gmaccartair23@moonfruit.com,Female,19.55.88.25
77,Skip,Egerton,segerton24@ebay.co.uk,Male,64.253.173.73
78,Honey,Large,hlarge25@themeforest.net,Female,226.240.107.37
79,Garland,Bagnell,gbagnell26@epa.gov,Female,87.1.28.152
80,De,Rawle,drawle27@ft.com,Female,246.237.178.134
81,Ettore,Girardoni,egirardoni28@devhub.com,Male,213.215.246.8
82,Montgomery,Fricker,mfricker29@hhs.gov,Male,252.66.179.252
83,Claiborn,Lalley,clalley2a@naver.com,Male,137.50.69.218
84,Hetty,Jaquin,hjaquin2b@weibo.com,Female,54.160.244.247
85,Carey,Rummin,crummin2c@alibaba.com,Male,74.165.232.77
86,Paulo,Cattel,pcattel2d@slate.com,Male,11.150.63.39
87,Hirsch,Schach,hschach2e@flickr.com,Male,204.243.84.87
88,Maure,Segrott,msegrott2f@epa.gov,Female,247.74.137.160
89,Beryl,Younger,byounger2g@exblog.jp,Female,174.66.150.211
90,Marie,Hamlett,mhamlett2h@prlog.org,Female,70.100.121.151
91,Dael,Rigler,drigler2i@friendfeed.com,Male,6.154.57.47
92,Natala,Hosby,nhosby2j@amazon.co.jp,Female,60.125.0.76
93,Meir,Skerritt,mskerritt2k@is.gd,Male,85.186.121.84
94,Otho,Gatchel,ogatchel2l@cbsnews.com,Male,237.178.194.221
95,Chad,Lundbeck,clundbeck2m@qq.com,Female,72.220.157.23
96,Candis,Brushfield,cbrushfield2n@ca.gov,Female,245.148.244.134
97,Sofie,Tillard,stillard2o@infoseek.co.jp,Female,243.237.84.136
98,Aundrea,Gear,agear2p@blogspot.com,Female,142.250.114.9
99,Sanderson,Cokly,scokly2q@imdb.com,Male,175.147.71.142
100,Thorsten,Fridlington,tfridlington2r@digg.com,Male,140.185.76.79
101,Etheline,Smallpiece,esmallpiece2s@princeton.edu,Female,25.118.204.213
102,Dag,Boyington,dboyington2t@timesonline.co.uk,Male,78.129.19.17
103,Roseline,Maudson,rmaudson2u@oaic.gov.au,Female,114.58.186.25
104,Elysha,Dilke,edilke2v@mysql.com,Female,187.39.205.8
105,Karia,Beane,kbeane2w@hc360.com,Female,194.194.130.211
106,Jeno,Basey,jbasey2x@istockphoto.com,Male,15.164.65.96
107,Rowen,Astin,rastin2y@multiply.com,Male,174.254.204.246
108,Sky,Orthmann,sorthmann2z@vk.com,Male,69.37.56.168
109,Cynthie,Monketon,cmonketon30@so-net.ne.jp,Female,99.163.136.118
110,Ernestus,Capin,ecapin31@dropbox.com,Male,59.71.235.174
111,Patrice,Margach,pmargach32@ucoz.ru,Male,137.158.20.5
112,Townsend,Dict,tdict33@fastcompany.com,Male,27.49.91.195
113,Woodrow,Moreby,wmoreby34@webs.com,Male,22.235.176.75
114,Karine,O'Dooghaine,kodooghaine35@typepad.com,Female,183.123.161.1
115,Tedda,McIlwraith,tmcilwraith36@edublogs.org,Female,106.243.237.237
116,Jethro,Shimman,jshimman37@dmoz.org,Male,139.101.211.168
117,Zuzana,Standrin,zstandrin38@skype.com,Female,170.80.171.177
118,Barnebas,Knowlton,bknowlton39@discuz.net,Male,218.41.53.164
119,Derwin,Le Monnier,dlemonnier3a@freewebs.com,Male,251.200.76.86
120,Avram,Labbez,alabbez3b@slashdot.org,Male,237.74.137.68
121,Brana,Gittins,bgittins3c@acquirethisname.com,Female,115.62.248.22
122,Brander,Hyland,bhyland3d@ebay.co.uk,Male,195.221.43.25
123,Rory,Instock,rinstock3e@alibaba.com,Female,47.140.248.192
124,Kristy,Jacobi,kjacobi3f@cnbc.com,Female,177.173.148.188
125,Libbey,Spore,lspore3g@4shared.com,Female,35.254.137.61
126,Andi,Rakes,arakes3h@cdc.gov,Female,47.124.11.242
127,Margy,Carrabott,mcarrabott3i@jimdo.com,Female,190.109.181.69
128,Morley,Bend,mbend3j@soundcloud.com,Male,191.115.210.57
129,Leroi,Braiden,lbraiden3k@blogtalkradio.com,Male,39.35.45.36
130,Penny,Vinick,pvinick3l@constantcontact.com,Male,141.43.252.171
131,Rolando,Dimitriou,rdimitriou3m@sun.com,Male,231.208.31.120
132,Sara-ann,Dashkov,sdashkov3n@creativecommons.org,Female,196.84.14.209
133,Chandler,Braisher,cbraisher3o@dedecms.com,Male,192.17.190.40
134,Talyah,Dumphy,tdumphy3p@ftc.gov,Female,7.47.115.83
135,Sidonia,Rolfini,srolfini3q@t.co,Female,6.144.47.114
136,Adan,Grew,agrew3r@artisteer.com,Male,62.181.87.181
137,Davine,Howel,dhowel3s@ucla.edu,Female,89.12.55.80
138,Madge,Sheerin,msheerin3t@github.com,Female,108.55.108.70
139,Starla,Paddle,spaddle3u@skyrock.com,Female,213.69.67.236
140,Johnathon,Beardwood,jbeardwood3v@linkedin.com,Male,151.163.76.2
141,Page,Alenichev,palenichev3w@amazonaws.com,Male,213.220.175.119
142,Doreen,Wurz,dwurz3x@shareasale.com,Female,64.227.119.251
143,Libbi,Josephson,ljosephson3y@ucla.edu,Female,46.237.127.1
144,Murielle,Rathke,mrathke3z@gmpg.org,Female,185.214.107.68
145,Zacharias,Ludy,zludy40@go.com,Male,128.17.3.81
146,Daffy,Osgodby,dosgodby41@smugmug.com,Female,111.41.237.127
147,Warden,Enocksson,wenocksson42@sina.com.cn,Male,85.213.43.224
148,Delcina,Bamell,dbamell43@sciencedaily.com,Female,6.200.59.160
149,Sherlocke,Simcox,ssimcox44@sogou.com,Male,110.204.183.201
150,Joice,Warhurst,jwarhurst45@hc360.com,Female,254.121.3.153
151,Peyter,Arthan,parthan46@umich.edu,Male,61.255.110.22
152,Tamiko,Marrows,tmarrows47@ehow.com,Female,22.89.134.20
153,Ulric,Nowakowski,unowakowski48@imdb.com,Male,103.10.3.142
154,Ignazio,Linch,ilinch49@deliciousdays.com,Male,57.28.249.221
155,Magdalen,Walter,mwalter4a@lycos.com,Female,218.146.73.3
156,Cari,Durning,cdurning4b@cbslocal.com,Female,103.51.198.76
157,Cassandra,Cheatle,ccheatle4c@cmu.edu,Female,139.110.49.43
158,Ronny,Ingry,ringry4d@cdbaby.com,Female,177.135.168.119
159,Zeb,Shalcras,zshalcras4e@joomla.org,Male,122.244.152.75
160,Barnebas,Hymans,bhymans4f@phpbb.com,Male,201.71.212.120
161,Dani,Ludgate,dludgate4g@craigslist.org,Male,145.0.117.242
162,Israel,Kleinschmidt,ikleinschmidt4h@ca.gov,Male,68.95.56.243
163,Monty,Currom,mcurrom4i@last.fm,Male,185.178.25.108
164,Becky,Windram,bwindram4j@fotki.com,Female,142.230.204.81
165,Thorndike,Palay,tpalay4k@smugmug.com,Male,34.146.255.228
166,Alfredo,Eynon,aeynon4l@networkadvertising.org,Male,45.209.210.242
167,Filbert,Beevors,fbeevors4m@senate.gov,Male,251.14.217.92
168,Oberon,McKinna,omckinna4n@spiegel.de,Male,143.131.97.221
169,Gavin,Leisman,gleisman4o@ezinearticles.com,Male,10.156.164.162
170,Savina,Olligan,solligan4p@cisco.com,Female,7.145.35.46
171,Nico,Gwatkin,ngwatkin4q@networkadvertising.org,Male,187.174.144.131
172,Sandi,Erskin,serskin4r@gmpg.org,Female,36.215.160.18
173,Simeon,Tomet,stomet4s@hp.com,Male,200.35.246.247
174,Abbot,Miles,amiles4t@cmu.edu,Male,137.34.196.219
175,Cory,Balling,cballing4u@last.fm,Male,5.185.148.191
176,Oberon,MacCracken,omaccracken4v@cnn.com,Male,89.182.68.164
177,Ariella,Rudgard,arudgard4w@quantcast.com,Female,183.124.135.73
178,Kelila,Haywood,khaywood4x@ezinearticles.com,Female,7.60.29.128
179,Carmine,Gammons,cgammons4y@sitemeter.com,Female,75.27.233.33
180,Grady,Harbertson,gharbertson4z@altervista.org,Male,5.57.50.68
181,Bobby,Shickle,bshickle50@weebly.com,Male,123.19.227.12
182,Natividad,Cale,ncale51@etsy.com,Female,255.10.128.62
183,Gusti,Camier,gcamier52@wordpress.com,Female,128.15.65.156
184,Fransisco,Loveridge,floveridge53@washingtonpost.com,Male,3.234.74.203
185,Anna-diane,Greenlees,agreenlees54@lycos.com,Female,97.158.5.176
186,Hermie,Tootell,htootell55@loc.gov,Male,130.231.179.14
187,Daniella,Exter,dexter56@addthis.com,Female,111.17.168.218
188,Jerrold,Cramphorn,jcramphorn57@ca.gov,Male,127.124.151.36
189,Osgood,Passey,opassey58@chron.com,Male,62.217.65.68
190,Arty,Springtorp,aspringtorp59@msu.edu,Male,174.151.223.11
191,Bili,Rixon,brixon5a@yellowpages.com,Female,252.63.159.246
192,Kessia,Rizzini,krizzini5b@stanford.edu,Female,46.158.156.13
193,Costanza,Welbeck,cwelbeck5c@mayoclinic.com,Female,180.167.141.132
194,Ruthie,Liddel,rliddel5d@vinaora.com,Female,174.155.210.250
195,Burk,Casolla,bcasolla5e@tiny.cc,Male,123.92.35.182
196,Dalston,Lumm,dlumm5f@forbes.com,Male,92.238.96.108
197,Stanley,Scipsey,sscipsey5g@w3.org,Male,189.178.142.243
198,Christi,Khosa,ckhosa5h@icio.us,Female,139.225.208.4
199,Mauricio,Elmhirst,melmhirst5i@1und1.de,Male,78.157.217.147
200,Nikolia,Leake,nleake5j@msu.edu,Female,108.112.9.58
201,Martino,Cheine,mcheine5k@i2i.jp,Male,32.66.229.190
202,Ariana,Floweth,afloweth5l@pen.io,Female,205.247.68.239
203,Nicolais,Pierri,npierri5m@163.com,Male,210.162.203.13
204,Paton,Jeakins,pjeakins5n@discuz.net,Male,170.101.252.54
205,Dianna,Vickarman,dvickarman5o@ucla.edu,Female,100.157.48.245
206,Dukie,Kinglake,dkinglake5p@posterous.com,Male,65.10.145.72
207,Kyle,O'Leagham,koleagham5q@telegraph.co.uk,Female,176.204.87.28
208,Clayson,Beaconsall,cbeaconsall5r@mapy.cz,Male,136.17.251.254
209,Caryl,O'Feeny,cofeeny5s@360.cn,Male,113.16.193.189
210,Lisbeth,Kildahl,lkildahl5t@cisco.com,Female,240.207.209.9
211,Lona,Iacomo,liacomo5u@surveymonkey.com,Female,152.0.8.101
212,Marsha,Cobbold,mcobbold5v@senate.gov,Female,21.197.235.52
213,Tomkin,Lazarus,tlazarus5w@nih.gov,Male,19.6.47.52
214,Davy,Kyrkeman,dkyrkeman5x@soup.io,Male,4.70.235.33
215,Westbrooke,McTurlough,wmcturlough5y@netscape.com,Male,112.32.232.40
216,Galvin,Rigden,grigden5z@comcast.net,Male,151.168.190.86
217,Kirbee,Moffat,kmoffat60@canalblog.com,Female,227.64.95.160
218,Noelle,Pateman,npateman61@cmu.edu,Female,233.27.63.240
219,Lydon,Dentith,ldentith62@issuu.com,Male,180.190.237.196
220,Sid,Buick,sbuick63@digg.com,Male,205.229.137.250
221,Trudy,Stollery,tstollery64@abc.net.au,Female,137.12.209.251
222,Nina,Burberry,nburberry65@mozilla.com,Female,224.33.148.74
223,Pippo,Keune,pkeune66@soup.io,Male,173.85.17.197
224,Joey,Aylward,jaylward67@amazon.com,Female,148.29.19.159
225,Witty,Bewley,wbewley68@adobe.com,Male,65.54.147.41
226,Zak,Hebborne,zhebborne69@odnoklassniki.ru,Male,231.250.100.148
227,Wilbur,Besnardeau,wbesnardeau6a@mapy.cz,Male,46.183.54.27
228,Dacy,McCaighey,dmccaighey6b@mediafire.com,Female,78.141.246.221
229,Shalna,McKechnie,smckechnie6c@discovery.com,Female,89.79.138.136
230,Kerwinn,Markel,kmarkel6d@ftc.gov,Male,154.133.227.117
231,Alistair,Tremayne,atremayne6e@thetimes.co.uk,Male,219.12.176.13
232,Kermit,Robilliard,krobilliard6f@cocolog-nifty.com,Male,167.255.16.104
233,Dulci,Machent,dmachent6g@businessinsider.com,Female,96.177.170.35
234,Luce,Swalowe,lswalowe6h@marriott.com,Male,67.227.4.38
235,Alick,Steptowe,asteptowe6i@wikipedia.org,Male,250.33.88.254
236,Chadd,Batrick,cbatrick6j@yellowbook.com,Male,62.23.24.101
237,Devin,Yesenin,dyesenin6k@unicef.org,Male,182.109.49.248
238,Althea,Simkovitz,asimkovitz6l@cnet.com,Female,86.19.176.120
239,Nola,Ottosen,nottosen6m@mit.edu,Female,65.34.199.69
240,Randy,Bonnell,rbonnell6n@house.gov,Female,211.89.159.136
241,Dick,Cuss,dcuss6o@vimeo.com,Male,249.223.73.56
242,Marv,Cottu,mcottu6p@weather.com,Male,184.67.70.106
243,Louie,Romayn,lromayn6q@disqus.com,Male,9.148.86.65
244,Breena,Kettoe,bkettoe6r@fema.gov,Female,126.120.58.9
245,Erie,Scullard,escullard6s@marriott.com,Male,170.246.160.61
246,Asher,Smithe,asmithe6t@ed.gov,Male,187.212.220.24
247,Ange,Clail,aclail6u@purevolume.com,Male,79.129.151.16
248,Ivonne,Bewfield,ibewfield6v@house.gov,Female,210.123.143.163
249,Layton,Bethell,lbethell6w@mtv.com,Male,187.228.0.167
250,Jacinta,Basterfield,jbasterfield6x@themeforest.net,Female,193.167.22.127
251,Harlan,Sandle,hsandle6y@nhs.uk,Male,221.56.74.238
252,Bo,Knowler,bknowler6z@yellowbook.com,Male,82.0.34.81
253,Brant,Westman,bwestman70@dedecms.com,Male,78.89.248.108
254,Abbott,Bucktharp,abucktharp71@usgs.gov,Male,185.199.23.54
255,Nathanil,Russel,nrussel72@feedburner.com,Male,85.35.66.2
256,Pancho,Fabry,pfabry73@slate.com,Male,21.197.248.211
257,Jessie,Water,jwater74@cbslocal.com,Female,146.115.245.201
258,Celina,Sailer,csailer75@dailymail.co.uk,Female,119.248.94.170
259,Hamilton,Gorton,hgorton76@shareasale.com,Male,187.69.38.136
260,King,Beharrell,kbeharrell77@cmu.edu,Male,86.171.21.59
261,Grier,Scedall,gscedall78@reverbnation.com,Female,201.170.232.130
262,Horatia,Bernakiewicz,hbernakiewicz79@who.int,Female,92.127.225.215
263,Brier,Meharry,bmeharry7a@nbcnews.com,Female,27.54.227.24
264,Keefer,Presswell,kpresswell7b@harvard.edu,Male,53.186.154.152
265,Wright,Arnoud,warnoud7c@ustream.tv,Male,124.84.205.85
266,Standford,Cordery,scordery7d@jiathis.com,Male,18.213.52.138
267,Neils,McGoldrick,nmcgoldrick7e@soundcloud.com,Male,217.54.253.63
268,Tiena,Jennick,tjennick7f@dagondesign.com,Female,254.91.104.146
269,Nara,Jory,njory7g@constantcontact.com,Female,253.240.44.16
270,Rosalinda,Boyer,rboyer7h@slashdot.org,Female,89.197.217.162
271,Nikolai,Northcott,nnorthcott7i@rediff.com,Male,163.152.127.70
272,Spencer,Boylan,sboylan7j@ucsd.edu,Male,152.235.11.98
273,D'arcy,Bunston,dbunston7k@ox.ac.uk,Male,192.242.142.126
274,Goraud,Kepe,gkepe7l@jiathis.com,Male,241.186.169.234
275,Kessia,Losselyong,klosselyong7m@google.com,Female,87.27.50.241
276,Brod,Hay,bhay7n@mac.com,Male,127.177.27.159
277,Savina,Lamkin,slamkin7o@goo.ne.jp,Female,119.155.97.107
278,Salvador,Doerffer,sdoerffer7p@cmu.edu,Male,55.144.127.190
279,Josi,Panner,jpanner7q@sakura.ne.jp,Female,135.238.247.105
280,Maurizio,Lound,mlound7r@163.com,Male,153.236.213.3
281,Zoe,Kencott,zkencott7s@independent.co.uk,Female,131.94.209.129
282,Sherwin,Chestnut,schestnut7t@oakley.com,Male,187.14.243.77
283,Filide,Stegers,fstegers7u@google.cn,Female,246.19.14.4
284,Humfrid,Goady,hgoady7v@cloudflare.com,Male,54.201.213.138
285,Leontine,Clampe,lclampe7w@amazonaws.com,Female,37.100.201.16
286,Amory,Sjostrom,asjostrom7x@webs.com,Male,197.50.224.83
287,Karalee,Parcall,kparcall7y@ted.com,Female,217.48.23.61
288,Yalonda,Spawton,yspawton7z@booking.com,Female,205.218.85.117
289,Farra,Dismore,fdismore80@nyu.edu,Female,7.130.75.109
290,Albertine,Ferrierio,aferrierio81@miitbeian.gov.cn,Female,110.201.134.171
291,Marcille,Wakes,mwakes82@cnbc.com,Female,203.16.6.183
292,Augustine,Bassil,abassil83@globo.com,Male,216.108.80.63
293,Adrien,Cordrey,acordrey84@ft.com,Male,190.250.1.51
294,Katharina,Perotti,kperotti85@icq.com,Female,124.221.164.206
295,Frasco,McQueen,fmcqueen86@bandcamp.com,Male,95.53.87.10
296,Jemmie,Kynder,jkynder87@digg.com,Female,0.148.147.109
297,Gabrielle,Pretsel,gpretsel88@salon.com,Female,141.179.135.68
298,Even,Leeves,eleeves89@senate.gov,Male,2.166.63.125
299,Renell,McGinnell,rmcginnell8a@businesswire.com,Female,123.62.157.230
300,Aleksandr,Standering,astandering8b@google.cn,Male,160.126.255.12
301,Ulrick,Mateus,umateus8c@ifeng.com,Male,2.100.31.75
302,Mitchell,Leyton,mleyton8d@gmpg.org,Male,91.136.95.164
303,Hamnet,Filipchikov,hfilipchikov8e@cnn.com,Male,100.6.127.208
304,Irena,Nials,inials8f@bizjournals.com,Female,128.161.212.212
305,Erica,Magarrell,emagarrell8g@imageshack.us,Female,232.239.34.178
306,Carine,Fincher,cfincher8h@slate.com,Female,169.0.192.72
307,Raoul,Alldridge,ralldridge8i@ted.com,Male,20.229.91.50
308,Nani,Blackly,nblackly8j@ask.com,Female,169.90.248.192
309,Malinde,Garrioch,mgarrioch8k@hud.gov,Female,99.132.113.186
310,Krysta,Medlicott,kmedlicott8l@go.com,Female,19.170.18.112
311,Norbert,Gleadle,ngleadle8m@amazon.com,Male,114.185.177.122
312,Marcelline,Matyushenko,mmatyushenko8n@tamu.edu,Female,29.14.115.193
313,Wildon,MacGray,wmacgray8o@skyrock.com,Male,132.12.201.221
314,Ginevra,Trasler,gtrasler8p@ask.com,Female,80.56.52.187
315,Cristobal,Iveson,civeson8q@1688.com,Male,249.113.29.30
316,Harwell,Lief,hlief8r@weibo.com,Male,164.141.217.55
317,Xerxes,Gatheridge,xgatheridge8s@diigo.com,Male,32.62.124.7
318,Sanders,Hrus,shrus8t@wisc.edu,Male,53.115.85.85
319,Hoebart,Dossit,hdossit8u@admin.ch,Male,236.56.37.149
320,Jerad,Audenis,jaudenis8v@latimes.com,Male,93.182.16.181
321,Ichabod,Melladew,imelladew8w@telegraph.co.uk,Male,181.168.131.25
322,Myriam,Chillingworth,mchillingworth8x@twitpic.com,Female,184.84.143.53
323,Fair,Micheau,fmicheau8y@usatoday.com,Male,71.113.191.169
324,Callean,Grishelyov,cgrishelyov8z@soundcloud.com,Male,131.3.136.243
325,Effie,Mourant,emourant90@ocn.ne.jp,Female,7.33.94.30
326,Maudie,Chippindale,mchippindale91@tumblr.com,Female,162.227.211.131
327,Melisse,Minot,mminot92@noaa.gov,Female,7.29.124.16
328,Vick,Benton,vbenton93@ted.com,Male,240.111.3.154
329,Joscelin,MacCarroll,jmaccarroll94@symantec.com,Female,119.249.80.101
330,Rina,Skews,rskews95@youtu.be,Female,25.239.1.139
331,Dunc,Chafney,dchafney96@samsung.com,Male,101.216.209.43
332,Ossie,Gouth,ogouth97@apache.org,Male,22.177.223.152
333,Natalie,Maria,nmaria98@csmonitor.com,Female,52.237.169.35
334,Berget,Vivian,bvivian99@constantcontact.com,Female,226.232.35.0
335,Lothaire,Miles,lmiles9a@indiegogo.com,Male,15.227.136.98
336,Ryan,Humpherston,rhumpherston9b@imgur.com,Male,67.166.248.127
337,Lynett,Matashkin,lmatashkin9c@npr.org,Female,46.75.56.70
338,Prince,Wedgwood,pwedgwood9d@adobe.com,Male,142.175.233.45
339,Ciel,Gairdner,cgairdner9e@cmu.edu,Female,132.226.233.49
340,Chicky,Heinish,cheinish9f@dagondesign.com,Male,248.42.97.201
341,Walt,Peyntue,wpeyntue9g@seattletimes.com,Male,41.101.154.93
342,Ernestus,Storre,estorre9h@friendfeed.com,Male,253.215.193.179
343,Desirae,Menicomb,dmenicomb9i@amazon.co.jp,Female,167.27.49.87
344,Gwendolin,Gaule,ggaule9j@ifeng.com,Female,149.112.112.109
345,Rudolf,Branch,rbranch9k@oaic.gov.au,Male,67.36.93.55
346,Nickie,Pemberton,npemberton9l@odnoklassniki.ru,Female,11.229.236.225
347,Iosep,Stollenbeck,istollenbeck9m@merriam-webster.com,Male,52.127.189.79
348,Dalt,Stut,dstut9n@miibeian.gov.cn,Male,122.71.247.229
349,Margareta,Durie,mdurie9o@nbcnews.com,Female,220.120.60.238
350,Gerri,Yanele,gyanele9p@dedecms.com,Male,158.203.212.16
351,Holmes,Summerlee,hsummerlee9q@skype.com,Male,20.158.204.45
352,Jordanna,Snasdell,jsnasdell9r@de.vu,Female,91.251.46.189
353,Ed,Matovic,ematovic9s@de.vu,Male,143.113.150.41
354,Ilyssa,Farr,ifarr9t@google.de,Female,66.43.226.164
355,Luis,Monni,lmonni9u@elpais.com,Male,217.63.22.235
356,Marc,Zorzi,mzorzi9v@archive.org,Male,151.121.90.80
357,Emlynn,Carnihan,ecarnihan9w@google.nl,Female,255.79.253.20
358,Maryellen,Sanper,msanper9x@gravatar.com,Female,10.87.45.81
359,Ailbert,Klimko,aklimko9y@arstechnica.com,Male,152.51.203.52
360,Alisander,Braim,abraim9z@dot.gov,Male,88.65.123.187
361,Hannis,Ballam,hballama0@google.it,Female,42.225.78.222
362,Kathe,Lutzmann,klutzmanna1@admin.ch,Female,162.213.37.115
363,Henriette,Spykins,hspykinsa2@blogtalkradio.com,Female,123.27.128.80
364,Micky,Rolfini,mrolfinia3@a8.net,Male,105.165.164.183
365,Grove,Bellas,gbellasa4@ihg.com,Male,98.147.162.31
366,Rosina,McNamara,rmcnamaraa5@adobe.com,Female,213.121.37.137
367,Laurene,Langthorne,llangthornea6@utexas.edu,Female,3.89.136.196
368,Dimitri,Heathwood,dheathwooda7@epa.gov,Male,137.68.233.91
369,Konstance,Sparshutt,ksparshutta8@berkeley.edu,Female,24.1.122.226
370,Gus,Geffcock,ggeffcocka9@mac.com,Male,131.75.74.197
371,Kendre,Scramage,kscramageaa@hud.gov,Female,185.124.32.50
372,Shoshanna,Coit,scoitab@blog.com,Female,39.16.239.66
373,Gretna,Saller,gsallerac@wikia.com,Female,173.150.117.218
374,Mark,Geekin,mgeekinad@examiner.com,Male,230.157.148.232
375,Aksel,Pretti,aprettiae@howstuffworks.com,Male,74.38.112.99
376,Yorgos,Poppleton,ypoppletonaf@theguardian.com,Male,231.159.166.121
377,Archie,Stonehewer,astonehewerag@bing.com,Male,139.82.107.55
378,Adelind,Shearsby,ashearsbyah@yandex.ru,Female,208.194.202.85
379,Ardyth,Laban,alabanai@apache.org,Female,242.123.143.205
380,Frederic,Mitkin,fmitkinaj@unesco.org,Male,72.146.217.179
381,Ramona,Colgrave,rcolgraveak@ameblo.jp,Female,74.226.120.148
382,Bartel,Ingleston,binglestonal@nhs.uk,Male,72.9.152.35
383,Silvain,Ebbotts,sebbottsam@thetimes.co.uk,Male,139.103.112.19
384,Tibold,Davidovitz,tdavidovitzan@amazon.co.jp,Male,23.136.100.83
385,Dorry,Ickeringill,dickeringillao@marketwatch.com,Female,205.211.35.219
386,Michail,Hethron,mhethronap@unesco.org,Male,197.121.242.235
387,Floyd,O Sullivan,fosullivanaq@soup.io,Male,44.62.86.236
388,Lars,Golbourn,lgolbournar@g.co,Male,198.125.240.106
389,Laney,Wellington,lwellingtonas@fc2.com,Male,108.17.88.35
390,Blaine,Beaulieu,bbeaulieuat@icio.us,Male,4.153.9.169
391,Sander,McGann,smcgannau@biblegateway.com,Male,165.194.239.228
392,Eran,Leheude,eleheudeav@google.fr,Female,101.242.111.248
393,Adela,Andrivot,aandrivotaw@bbc.co.uk,Female,218.88.49.8
394,Parry,Egentan,pegentanax@xing.com,Male,1.187.56.195
395,Christophorus,Yglesia,cyglesiaay@diigo.com,Male,70.212.107.58
396,Gery,Grooby,ggroobyaz@kickstarter.com,Male,50.5.220.75
397,Killie,Sydall,ksydallb0@studiopress.com,Male,18.28.244.195
398,Corby,Akrigg,cakriggb1@friendfeed.com,Male,48.125.25.175
399,Sigismundo,Bridger,sbridgerb2@who.int,Male,122.153.201.83
400,Anabelle,Twizell,atwizellb3@marriott.com,Female,104.123.230.236
401,Tailor,Boyland,tboylandb4@dyndns.org,Male,123.63.76.175
402,Yardley,La Batie,ylabatieb5@github.com,Male,50.159.249.46
403,Janey,Jeans,jjeansb6@google.com.hk,Female,108.12.60.123
404,Dorey,Irce,dirceb7@netlog.com,Female,180.83.215.197
405,Innis,Cleave,icleaveb8@zdnet.com,Male,159.63.55.113
406,Tiffani,Yeell,tyeellb9@unicef.org,Female,219.10.214.216
407,Galven,Dunkerton,gdunkertonba@amazon.co.jp,Male,90.121.60.28
408,Shepherd,Skippon,sskipponbb@statcounter.com,Male,236.254.193.51
409,Elnar,Garnett,egarnettbc@amazon.de,Male,228.229.136.146
410,Tiffy,Sedwick,tsedwickbd@slashdot.org,Female,5.114.224.55
411,Nanette,Vail,nvailbe@washington.edu,Female,158.176.8.255
412,Karee,Mouat,kmouatbf@boston.com,Female,83.215.100.120
413,Colin,Gaven,cgavenbg@dailymail.co.uk,Male,184.153.107.24
414,Svend,Prendiville,sprendivillebh@slate.com,Male,252.247.88.28
415,Callean,Giacopetti,cgiacopettibi@prlog.org,Male,100.183.220.254
416,Tyler,Castanone,tcastanonebj@prnewswire.com,Male,109.8.153.114
417,Starr,Kibel,skibelbk@pagesperso-orange.fr,Female,94.40.214.195
418,Gertie,Lownds,glowndsbl@cbc.ca,Female,94.141.23.239
419,Nappie,Tale,ntalebm@forbes.com,Male,164.29.232.133
420,Ferdinande,Bynert,fbynertbn@usatoday.com,Female,11.65.170.53
421,Shellie,Lownie,slowniebo@godaddy.com,Female,116.150.0.91
422,Margaretha,Bernadon,mbernadonbp@booking.com,Female,78.244.12.84
423,Bridgette,Rablan,brablanbq@is.gd,Female,165.27.241.9
424,Seumas,Klawi,sklawibr@house.gov,Male,247.231.165.190
425,Bambi,Palfree,bpalfreebs@foxnews.com,Female,104.97.5.35
426,Torey,Faussett,tfaussettbt@ow.ly,Female,234.179.99.217
427,Xaviera,Huison,xhuisonbu@example.com,Female,4.240.187.18
428,Maressa,Kiezler,mkiezlerbv@drupal.org,Female,76.167.25.21
429,Danna,Khomishin,dkhomishinbw@ning.com,Female,144.33.225.181
430,Haydon,Pales,hpalesbx@gov.uk,Male,89.28.158.84
431,Gertrudis,Van Dalen,gvandalenby@joomla.org,Female,3.105.8.96
432,Veronika,Saller,vsallerbz@narod.ru,Female,39.111.38.102
433,Emilee,Nettleship,enettleshipc0@xing.com,Female,61.155.68.173
434,Gerti,Lamberton,glambertonc1@samsung.com,Female,5.134.253.124
435,Emanuele,Demare,edemarec2@mlb.com,Male,116.101.229.60
436,Jess,Schlagtmans,jschlagtmansc3@blogs.com,Male,185.151.224.127
437,Meryl,Messent,mmessentc4@comsenz.com,Male,95.43.13.139
438,Mahalia,Skirvane,mskirvanec5@buzzfeed.com,Female,9.138.246.89
439,Doro,Skunes,dskunesc6@nasa.gov,Female,2.0.149.120
440,Morry,Straine,mstrainec7@senate.gov,Male,220.45.30.106
441,Bram,Asif,basifc8@nyu.edu,Male,94.128.154.71
442,Isabel,Seccombe,iseccombec9@qq.com,Female,31.34.74.37
443,Chastity,Brehault,cbrehaultca@tinypic.com,Female,93.80.188.74
444,Annecorinne,Kitchingman,akitchingmancb@tripod.com,Female,25.75.113.50
445,Sebastian,Sedgebeer,ssedgebeercc@who.int,Male,185.116.208.91
446,Bobette,Ellingham,bellinghamcd@kickstarter.com,Female,152.188.188.82
447,Samuel,Weale,swealece@independent.co.uk,Male,80.244.221.20
448,Rosie,Hapgood,rhapgoodcf@yellowbook.com,Female,232.189.90.61
449,Rubetta,Tregaskis,rtregaskiscg@devhub.com,Female,90.194.158.154
450,Yuri,Hendrix,yhendrixch@fda.gov,Male,63.158.115.192
451,Raye,O'Gavin,rogavinci@stumbleupon.com,Female,39.21.130.91
452,Amby,Woodeson,awoodesoncj@live.com,Male,215.227.175.213
453,Merrill,Melladew,mmelladewck@fotki.com,Female,156.74.132.80
454,Dav,Skillitt,dskillittcl@zimbio.com,Male,204.112.142.180
455,Avis,Teas,ateascm@newsvine.com,Female,25.125.175.169
456,Milo,Ulyatt,mulyattcn@imageshack.us,Male,150.74.31.51
457,Nehemiah,Hrinishin,nhrinishinco@pbs.org,Male,95.110.192.160
458,Legra,Sunner,lsunnercp@netlog.com,Female,178.220.43.147
459,Raf,Duell,rduellcq@creativecommons.org,Female,187.131.73.201
460,Gerhardine,Knolles-Green,gknollesgreencr@godaddy.com,Female,117.176.86.38
461,Grazia,Conduit,gconduitcs@surveymonkey.com,Female,159.89.179.40
462,Melisse,McKenny,mmckennyct@reddit.com,Female,168.3.182.4
463,Jewelle,Gorges,jgorgescu@usatoday.com,Female,142.205.183.83
464,Thornton,Marini,tmarinicv@tmall.com,Male,80.149.240.172
465,Murielle,Pateman,mpatemancw@house.gov,Female,225.116.49.2
466,Tailor,Hearne,thearnecx@ehow.com,Male,225.82.172.155
467,Terrence,Warlawe,twarlawecy@cyberchimps.com,Male,247.200.70.210
468,Lorrayne,Scandrett,lscandrettcz@unesco.org,Female,249.12.113.179
469,Forester,Ding,fdingd0@wisc.edu,Male,34.99.143.195
470,Jenny,Kunrad,jkunradd1@paginegialle.it,Female,212.129.197.22
471,Lazare,Quye,lquyed2@netlog.com,Male,150.240.232.24
472,Nehemiah,Ingleby,ninglebyd3@last.fm,Male,41.9.197.151
473,Innis,Andrini,iandrinid4@usgs.gov,Male,212.150.205.236
474,Andre,Birrane,abirraned5@ebay.com,Male,109.120.151.244
475,Rosaline,Melling,rmellingd6@ucsd.edu,Female,219.167.215.94
476,Pamelina,Seville,psevilled7@behance.net,Female,23.145.71.32
477,Dane,Welburn,dwelburnd8@bloomberg.com,Male,130.207.118.75
478,Abbie,Lune,aluned9@com.com,Female,45.126.53.121
479,Merry,Wedgbrow,mwedgbrowda@sitemeter.com,Female,205.66.21.113
480,Halley,Goodbur,hgoodburdb@reverbnation.com,Female,172.47.73.99
481,Andi,Birdsall,abirdsalldc@amazon.com,Female,214.248.252.151
482,Pat,Casotti,pcasottidd@meetup.com,Female,6.141.20.198
483,Sarene,Bischop,sbischopde@ox.ac.uk,Female,115.31.219.152
484,Troy,Quinnelly,tquinnellydf@mapquest.com,Male,127.96.241.36
485,Roxi,Antonich,rantonichdg@chron.com,Female,113.92.252.30
486,Donaugh,Ewbanck,dewbanckdh@canalblog.com,Male,95.61.115.143
487,Cad,Middlemiss,cmiddlemissdi@biblegateway.com,Male,121.110.166.8
488,Dame,Giscken,dgisckendj@ucla.edu,Male,5.244.178.47
489,Kristoffer,Heskin,kheskindk@dailymotion.com,Male,142.81.33.26
490,Junina,Scrowby,jscrowbydl@omniture.com,Female,255.4.176.109
491,Weider,Swateridge,wswateridgedm@hp.com,Male,66.42.168.89
492,Anna-diana,Agett,aagettdn@meetup.com,Female,183.48.223.89
493,Iolanthe,Brundle,ibrundledo@bloomberg.com,Female,55.2.103.253
494,Miltie,McPolin,mmcpolindp@microsoft.com,Male,175.32.28.163
495,Phillis,Ghelardi,pghelardidq@ycombinator.com,Female,33.176.194.13
496,Balduin,Wrightem,bwrightemdr@photobucket.com,Male,163.92.255.179
497,Shara,McCrohon,smccrohonds@github.io,Female,179.216.134.142
498,Johanna,Morrice,jmorricedt@technorati.com,Female,145.186.165.64
499,Jeff,Warratt,jwarrattdu@comsenz.com,Male,85.103.25.6
500,Adelice,Cringle,acringledv@wikispaces.com,Female,92.249.170.92
501,Avrit,Albrook,aalbrookdw@cbslocal.com,Female,153.91.203.152
502,Beatrice,Justham,bjusthamdx@blog.com,Female,217.200.101.189
503,Sashenka,Lewson,slewsondy@nsw.gov.au,Female,84.255.23.86
504,Noella,Doley,ndoleydz@earthlink.net,Female,140.11.242.28
505,Kathe,McGaughey,kmcgaugheye0@umn.edu,Female,126.141.142.244
506,Angela,Mundwell,amundwelle1@gnu.org,Female,1.16.38.5
507,Sutherland,Balsdon,sbalsdone2@npr.org,Male,237.65.66.163
508,Konstantine,Itzig,kitzige3@phoca.cz,Male,206.212.164.253
509,Flossy,Ivimy,fivimye4@slideshare.net,Female,213.98.123.111
510,Davy,Manass,dmanasse5@mapy.cz,Male,6.25.196.226
511,Yetta,McCay,ymccaye6@discuz.net,Female,203.248.67.110
512,Felix,Sergeant,fsergeante7@timesonline.co.uk,Male,172.13.80.59
513,Verna,Stock,vstocke8@myspace.com,Female,171.19.166.135
514,Kaitlin,Feldhorn,kfeldhorne9@unc.edu,Female,85.127.40.24
515,Noel,Balma,nbalmaea@privacy.gov.au,Male,100.246.65.152
516,Leonid,Murray,lmurrayeb@multiply.com,Male,39.15.228.84
517,Abelard,Tollet,atolletec@whitehouse.gov,Male,82.154.141.213
518,Leeanne,Bittlestone,lbittlestoneed@nymag.com,Female,16.174.243.145
519,Dedra,Terrett,dterrettee@globo.com,Female,34.151.51.38
520,Shayla,Phinn,sphinnef@discuz.net,Female,86.14.79.64
521,Tait,Cockitt,tcockitteg@cafepress.com,Male,102.103.3.2
522,Norene,Emberson,nembersoneh@fc2.com,Female,150.127.171.15
523,Minni,Burles,mburlesei@simplemachines.org,Female,242.129.45.227
524,Marina,Rolfi,mrolfiej@newsvine.com,Female,230.79.228.13
525,Cynthea,Smees,csmeesek@tmall.com,Female,144.73.63.144
526,Kerrie,Beynkn,kbeynknel@goo.ne.jp,Female,12.188.82.224
527,Verina,Belloch,vbellochem@state.gov,Female,57.66.119.129
528,Sharon,Senyard,ssenyarden@jiathis.com,Female,161.221.247.205
529,Heath,Cutchee,hcutcheeeo@time.com,Male,248.179.50.177
530,Katya,Woodley,kwoodleyep@usda.gov,Female,88.73.124.228
531,Tanney,Monelle,tmonelleeq@wp.com,Male,114.152.111.101
532,Lexy,Juggings,ljuggingser@nps.gov,Female,141.191.220.145
533,Axel,Sherrington,asherringtones@nydailynews.com,Male,50.99.102.164
534,Cassy,Over,coveret@va.gov,Female,111.6.91.133
535,Tedman,Tuberfield,ttuberfieldeu@furl.net,Male,146.138.163.54
536,Shaun,Emmines,semminesev@mlb.com,Male,59.106.129.135
537,Clarabelle,Lemanu,clemanuew@blogtalkradio.com,Female,31.97.1.112
538,Miriam,Giraldez,mgiraldezex@360.cn,Female,119.154.245.69
539,Tommie,Flexman,tflexmaney@4shared.com,Male,234.213.190.228
540,Dun,Mapledoram,dmapledoramez@bizjournals.com,Male,104.155.148.84
541,Stanly,MacNish,smacnishf0@youtu.be,Male,150.222.191.82
542,Meredithe,Russe,mrussef1@jigsy.com,Female,154.124.28.250
543,Alica,Larkkem,alarkkemf2@unesco.org,Female,102.15.26.209
544,Prent,Lygoe,plygoef3@sfgate.com,Male,210.165.194.136
545,Theo,Boyland,tboylandf4@umich.edu,Male,53.72.76.108
546,Adrea,Herrieven,aherrievenf5@imdb.com,Female,200.18.218.195
547,Kilian,Steger,kstegerf6@seattletimes.com,Male,233.135.231.27
548,Tamera,Sherrott,tsherrottf7@myspace.com,Female,126.101.152.166
549,Chrissie,Bach,cbachf8@stanford.edu,Male,79.40.38.130
550,Maddie,Alforde,malfordef9@seattletimes.com,Female,61.175.127.131
551,Layton,Robker,lrobkerfa@vistaprint.com,Male,43.104.216.107
552,Dennie,Stainsby,dstainsbyfb@liveinternet.ru,Female,89.51.92.183
553,Aeriela,Domini,adominifc@behance.net,Female,232.211.19.82
554,Alfonse,Paffot,apaffotfd@thetimes.co.uk,Male,19.37.174.39
555,Edee,Demann,edemannfe@nps.gov,Female,55.235.86.202
556,Erhart,Wakeley,ewakeleyff@cafepress.com,Male,42.143.182.121
557,Nessie,Hedde,nheddefg@who.int,Female,14.5.90.159
558,Atalanta,Stoppard,astoppardfh@va.gov,Female,235.97.93.200
559,Goddart,Novacek,gnovacekfi@slate.com,Male,206.73.147.14
560,Lolly,Sagg,lsaggfj@ibm.com,Female,171.224.152.248
561,Miguela,Ghelerdini,mghelerdinifk@irs.gov,Female,202.75.240.182
562,Auberon,Bowness,abownessfl@naver.com,Male,43.26.92.27
563,Ingunna,Alebrooke,ialebrookefm@w3.org,Female,136.70.241.105
564,Patrizio,Vakhrushev,pvakhrushevfn@weebly.com,Male,156.214.222.93
565,Jordanna,Dumbrall,jdumbrallfo@live.com,Female,77.10.20.255
566,Bryanty,Bennett,bbennettfp@hud.gov,Male,255.113.114.165
567,Andy,Drinkall,adrinkallfq@zdnet.com,Male,133.56.135.93
568,Mikaela,Eborn,mebornfr@wikimedia.org,Female,126.141.167.59
569,Celisse,Wasylkiewicz,cwasylkiewiczfs@cam.ac.uk,Female,203.78.162.10
570,Winthrop,Luckwell,wluckwellft@ovh.net,Male,186.82.137.103
571,Flossy,Cowsby,fcowsbyfu@harvard.edu,Female,220.183.252.245
572,Clio,Keunemann,ckeunemannfv@cam.ac.uk,Female,40.158.16.79
573,Beulah,Margaret,bmargaretfw@nymag.com,Female,191.111.83.245
574,Alejandra,Gilluley,agilluleyfx@globo.com,Female,135.163.28.188
575,Perry,Timmins,ptimminsfy@timesonline.co.uk,Male,147.92.149.98
576,Amerigo,Hudson,ahudsonfz@usda.gov,Male,255.246.197.217
577,Jeno,Wrightham,jwrighthamg0@arstechnica.com,Male,91.230.34.243
578,Rem,Rosell,rrosellg1@mozilla.com,Male,82.148.7.71
579,Shelby,Mathieu,smathieug2@google.it,Female,112.35.129.222
580,Abey,Connah,aconnahg3@gov.uk,Male,28.124.28.21
581,Levey,Poschel,lposchelg4@epa.gov,Male,177.10.105.43
582,Cindy,Kretschmer,ckretschmerg5@hc360.com,Female,38.255.249.220
583,Kurtis,Tuther,ktutherg6@quantcast.com,Male,111.121.98.183
584,Juli,O'Hara,joharag7@storify.com,Female,114.8.118.198
585,Killy,Coultass,kcoultassg8@ft.com,Male,192.176.96.33
586,Camel,Redgewell,credgewellg9@cargocollective.com,Female,51.98.106.105
587,Hillier,Faust,hfaustga@unesco.org,Male,163.233.123.5
588,Harriot,Tennock,htennockgb@comcast.net,Female,161.69.191.9
589,Ervin,Yeoland,eyeolandgc@usnews.com,Male,239.73.168.61
590,Katerina,Blackborn,kblackborngd@dion.ne.jp,Female,37.215.219.92
591,Idelle,Boteman,ibotemange@dyndns.org,Female,145.244.106.35
592,Kiele,Besset,kbessetgf@yahoo.co.jp,Female,213.209.163.111
593,Farlee,Ockendon,fockendongg@sbwire.com,Male,27.197.134.173
594,Alvira,Margetts,amargettsgh@economist.com,Female,53.126.215.50
595,Reggi,Rojahn,rrojahngi@intel.com,Female,112.131.179.196
596,Darb,Oldridge,doldridgegj@addthis.com,Female,154.237.163.243
597,Ivonne,Sabati,isabatigk@mapy.cz,Female,21.133.1.81
598,Cesar,Mariyushkin,cmariyushkingl@cbslocal.com,Male,182.111.184.70
599,Tatum,Gowanson,tgowansongm@wsj.com,Female,37.32.196.181
600,Marie-ann,Beevers,mbeeversgn@ehow.com,Female,231.19.94.192
601,Myrta,Fildes,mfildesgo@imgur.com,Female,106.230.165.5
602,Celestia,Bridgeland,cbridgelandgp@pinterest.com,Female,161.178.250.82
603,Curran,Becconsall,cbecconsallgq@youku.com,Male,229.108.149.223
604,Inness,Milmo,imilmogr@amazon.co.uk,Male,253.1.211.106
605,Sarge,Edgson,sedgsongs@sbwire.com,Male,19.133.199.46
606,Garrett,Spata,gspatagt@noaa.gov,Male,152.178.110.141
607,Frederique,Spieght,fspieghtgu@163.com,Female,94.189.129.98
608,Thea,Sargent,tsargentgv@senate.gov,Female,57.104.34.121
609,Carolynn,Bevan,cbevangw@hexun.com,Female,114.131.76.140
610,Kellen,Makin,kmakingx@theguardian.com,Male,205.99.35.104
611,Darrick,Knapp,dknappgy@bravesites.com,Male,235.19.144.3
612,Billie,Jonczyk,bjonczykgz@phoca.cz,Male,46.204.14.14
613,Vinni,Lages,vlagesh0@washington.edu,Female,123.47.63.232
614,Olag,Fulop,ofuloph1@reverbnation.com,Male,210.182.94.110
615,Stillman,Kelemen,skelemenh2@mit.edu,Male,172.86.112.80
616,Judye,Woolley,jwoolleyh3@umich.edu,Female,4.230.141.224
617,Kilian,Dinan,kdinanh4@answers.com,Male,107.33.91.178
618,Lion,Tresler,ltreslerh5@mac.com,Male,233.88.243.215
619,Derry,Joontjes,djoontjesh6@reddit.com,Male,183.206.157.198
620,Maryanne,But,mbuth7@apache.org,Female,11.5.15.89
621,Alix,Silversmidt,asilversmidth8@marketwatch.com,Male,220.240.19.179
622,Olivette,Capenor,ocapenorh9@weebly.com,Female,130.66.198.24
623,Dag,Hance,dhanceha@dropbox.com,Male,95.151.170.106
624,Denny,Kornes,dkorneshb@microsoft.com,Female,177.18.31.50
625,Billy,Biaggioni,bbiaggionihc@blogger.com,Female,166.2.211.125
626,Oralie,Fautly,ofautlyhd@parallels.com,Female,51.57.190.212
627,Clare,Keaysell,ckeaysellhe@loc.gov,Male,58.22.229.188
628,Bryan,Stanislaw,bstanislawhf@ustream.tv,Male,45.230.246.71
629,Iorgo,Raitt,iraitthg@cdbaby.com,Male,7.241.87.56
630,Beniamino,Novotne,bnovotnehh@wordpress.com,Male,11.37.1.169
631,Herc,Minet,hminethi@ftc.gov,Male,136.213.67.22
632,Byron,Cowitz,bcowitzhj@addthis.com,Male,19.84.237.39
633,Fern,McDavitt,fmcdavitthk@tripadvisor.com,Female,92.150.132.84
634,Sorcha,Moffett,smoffetthl@usatoday.com,Female,15.209.130.91
635,Lemuel,Stollard,lstollardhm@typepad.com,Male,3.8.40.114
636,Alric,Feldbaum,afeldbaumhn@last.fm,Male,75.246.65.218
637,See,Allwood,sallwoodho@apache.org,Male,104.126.226.36
638,Jayson,ducarme,jducarmehp@about.com,Male,63.217.138.234
639,Culver,Hungerford,chungerfordhq@github.com,Male,101.229.250.221
640,Edmon,Rittmeyer,erittmeyerhr@mapy.cz,Male,197.233.159.59
641,Jacky,Norgate,jnorgatehs@zdnet.com,Male,244.184.132.80
642,Brant,Songust,bsongustht@i2i.jp,Male,142.162.108.1
643,Anderson,Stiebler,astieblerhu@so-net.ne.jp,Male,255.24.182.102
644,Carmelina,Gamble,cgamblehv@xinhuanet.com,Female,170.134.165.103
645,Jarrett,Robe,jrobehw@lycos.com,Male,86.215.117.4
646,Cal,Beardsworth,cbeardsworthhx@ning.com,Male,137.161.145.236
647,Halli,Wharram,hwharramhy@irs.gov,Female,140.217.66.127
648,Ashley,Blas,ablashz@china.com.cn,Male,78.142.215.14
649,Astra,Philpot,aphilpoti0@youtu.be,Female,192.28.124.64
650,Xenia,Raatz,xraatzi1@sfgate.com,Female,173.14.13.131
651,Ewan,Durden,edurdeni2@artisteer.com,Male,215.160.240.241
652,Asia,Prandoni,aprandonii3@woothemes.com,Female,101.246.181.163
653,Vilma,Plessing,vplessingi4@oakley.com,Female,33.102.243.84
654,Hope,Burchard,hburchardi5@ycombinator.com,Female,34.32.52.15
655,Timothea,Iveson,tivesoni6@google.co.uk,Female,110.39.130.74
656,Kaylee,O'Rowane,korowanei7@devhub.com,Female,248.43.147.212
657,Seward,Reilingen,sreilingeni8@alexa.com,Male,15.60.30.59
658,Haley,Hannah,hhannahi9@biglobe.ne.jp,Female,26.198.161.205
659,Giacinta,Pentony,gpentonyia@samsung.com,Female,53.226.53.117
660,Penrod,Boc,pbocib@simplemachines.org,Male,139.115.58.163
661,Haley,Brundell,hbrundellic@miitbeian.gov.cn,Male,2.124.196.150
662,Roosevelt,Clitherow,rclitherowid@weather.com,Male,239.90.196.68
663,Dani,Linke,dlinkeie@geocities.com,Male,56.150.208.253
664,Colene,Saunton,csauntonif@jigsy.com,Female,202.33.207.180
665,Marcille,Vernazza,mvernazzaig@mayoclinic.com,Female,204.91.207.198
666,Alyssa,Feehely,afeehelyih@delicious.com,Female,207.21.164.240
667,Christoph,Simonitto,csimonittoii@berkeley.edu,Male,91.191.106.49
668,Vivian,Dugmore,vdugmoreij@tripod.com,Female,128.21.168.68
669,Alidia,Cymper,acymperik@cnbc.com,Female,101.186.101.124
670,Ev,Milthorpe,emilthorpeil@ehow.com,Male,177.98.233.204
671,Gusty,Scala,gscalaim@examiner.com,Female,112.43.144.98
672,Wat,Danilovic,wdanilovicin@omniture.com,Male,137.254.31.172
673,Sib,Hess,shessio@va.gov,Female,34.141.105.243
674,Orion,Klaas,oklaasip@intel.com,Male,207.112.235.23
675,Giulia,McArley,gmcarleyiq@goo.ne.jp,Female,25.148.34.78
676,Adel,Goney,agoneyir@liveinternet.ru,Female,151.58.32.124
677,Lothario,Emett,lemettis@printfriendly.com,Male,36.118.183.25
678,Angele,Obbard,aobbardit@tmall.com,Female,160.101.127.222
679,Kingston,Hamberstone,khamberstoneiu@webmd.com,Male,68.183.50.244
680,Fanchon,Camies,fcamiesiv@nhs.uk,Female,124.125.85.207
681,Nester,Ell,nelliw@oaic.gov.au,Male,167.41.124.72
682,Wendell,Craw,wcrawix@unc.edu,Male,65.84.40.170
683,Shayne,L'Homme,slhommeiy@github.com,Male,163.140.246.252
684,Carmelita,Itzkovsky,citzkovskyiz@com.com,Female,73.110.135.231
685,Kally,Yantsev,kyantsevj0@marketwatch.com,Female,85.174.141.143
686,Yorgo,Purselowe,ypurselowej1@gnu.org,Male,216.199.211.47
687,Clair,Hunnywell,chunnywellj2@timesonline.co.uk,Female,31.4.250.202
688,Trude,Andreassen,tandreassenj3@wufoo.com,Female,77.174.107.156
689,Corbin,Kennagh,ckennaghj4@scientificamerican.com,Male,125.242.110.181
690,Lorilee,Worledge,lworledgej5@unicef.org,Female,95.159.217.23
691,Elbertina,Whaplington,ewhaplingtonj6@home.pl,Female,115.81.156.253
692,Starlin,Tynnan,stynnanj7@deliciousdays.com,Female,183.185.242.246
693,Angelina,Mottershead,amottersheadj8@goo.gl,Female,214.23.171.28
694,Brynne,Pignon,bpignonj9@china.com.cn,Female,6.155.69.214
695,Northrup,Doding,ndodingja@phoca.cz,Male,77.64.40.210
696,Yolane,Hugland,yhuglandjb@friendfeed.com,Female,90.167.38.107
697,Lorne,Hawse,lhawsejc@sciencedirect.com,Female,191.24.132.188
698,Cassius,Clappison,cclappisonjd@yahoo.com,Male,51.73.19.92
699,Ricca,Pennock,rpennockje@seattletimes.com,Female,113.106.238.238
700,Ilsa,Wiffill,iwiffilljf@princeton.edu,Female,145.162.239.253
701,Meryl,Forri,mforrijg@mit.edu,Female,223.30.24.241
702,Alina,Matias,amatiasjh@yelp.com,Female,39.235.29.118
703,Nicole,Masdon,nmasdonji@de.vu,Female,230.59.150.144
704,Bald,Bance,bbancejj@unblog.fr,Male,114.85.219.89
705,Peg,Grube,pgrubejk@digg.com,Female,36.169.87.241
706,Kermy,Lillistone,klillistonejl@virginia.edu,Male,212.150.145.181
707,Renaud,Morillas,rmorillasjm@netscape.com,Male,153.29.124.61
708,Robenia,Leijs,rleijsjn@npr.org,Female,50.193.99.42
709,Dianna,Capenor,dcapenorjo@alexa.com,Female,239.87.161.158
710,Normie,Bedlington,nbedlingtonjp@salon.com,Male,244.186.239.4
711,Nealy,Alvar,nalvarjq@mapquest.com,Male,101.48.196.116
712,Natty,Petyt,npetytjr@google.cn,Female,12.191.76.63
713,Marin,Haddow,mhaddowjs@joomla.org,Female,76.73.237.131
714,Tamarah,Glossop,tglossopjt@elpais.com,Female,195.148.201.251
715,Gasparo,Klimochkin,gklimochkinju@youtu.be,Male,19.2.74.45
716,Bunni,Piper,bpiperjv@yahoo.co.jp,Female,194.42.181.183
717,Elianora,Kenealy,ekenealyjw@ft.com,Female,243.104.167.169
718,Layney,Nowak,lnowakjx@oaic.gov.au,Female,80.66.149.128
719,Mercedes,Campione,mcampionejy@github.io,Female,71.19.200.114
720,Hildagarde,Vondrak,hvondrakjz@ucoz.ru,Female,140.185.55.202
721,Pearline,Flynn,pflynnk0@eventbrite.com,Female,54.215.22.52
722,Birdie,Hallward,bhallwardk1@omniture.com,Female,209.60.2.105
723,Bone,Dewfall,bdewfallk2@mayoclinic.com,Male,216.203.150.180
724,Amabelle,Cursey,acurseyk3@studiopress.com,Female,172.2.72.11
725,Carlotta,Strodder,cstrodderk4@yahoo.com,Female,253.111.35.171
726,Kaitlynn,Kobsch,kkobschk5@miitbeian.gov.cn,Female,116.111.152.179
727,Zebadiah,Felgat,zfelgatk6@biglobe.ne.jp,Male,227.28.105.118
728,Darrin,Riddeough,driddeoughk7@shareasale.com,Male,61.49.161.156
729,Karel,Manneville,kmannevillek8@walmart.com,Male,232.199.239.128
730,Roger,Haldenby,rhaldenbyk9@rambler.ru,Male,111.119.41.217
731,Fifi,Shoutt,fshouttka@forbes.com,Female,66.9.117.212
732,Rori,Caesmans,rcaesmanskb@cloudflare.com,Female,110.253.60.210
733,Anselma,Whibley,awhibleykc@privacy.gov.au,Female,84.0.94.70
734,Audy,Dorkins,adorkinskd@sciencedaily.com,Female,246.2.41.234
735,Lorita,Isley,lisleyke@msu.edu,Female,41.92.54.179
736,Cleve,Brunke,cbrunkekf@seesaa.net,Male,144.7.157.115
737,Marcellina,Wardrop,mwardropkg@webs.com,Female,202.52.122.90
738,Melitta,Gueny,mguenykh@g.co,Female,164.111.143.215
739,Jessie,Lippitt,jlippittki@yandex.ru,Female,176.82.52.245
740,Coralie,Rois,croiskj@harvard.edu,Female,109.2.185.19
741,Hasheem,Linguard,hlinguardkk@mlb.com,Male,13.209.108.7
742,Patten,Gleave,pgleavekl@newyorker.com,Male,197.82.227.4
743,Stuart,Scutcheon,sscutcheonkm@diigo.com,Male,190.29.172.230
744,Jerad,Rupp,jruppkn@youku.com,Male,250.151.60.32
745,Karalee,Senchenko,ksenchenkoko@dedecms.com,Female,247.252.134.183
746,Tracy,Carlens,tcarlenskp@chicagotribune.com,Male,139.104.47.12
747,Trista,Strettle,tstrettlekq@skyrock.com,Female,145.131.43.27
748,Frederica,Petrou,fpetroukr@skyrock.com,Female,42.65.188.136
749,Selene,Bellwood,sbellwoodks@github.io,Female,195.220.229.83
750,Elladine,Pavlitschek,epavlitschekkt@blogs.com,Female,221.88.116.127
751,Hamid,Hardware,hhardwareku@hp.com,Male,111.18.74.95
752,Colin,McGinnis,cmcginniskv@elpais.com,Male,242.132.49.137
753,Queenie,Bertin,qbertinkw@posterous.com,Female,144.156.100.191
754,Drucill,Stoile,dstoilekx@mapy.cz,Female,53.38.76.61
755,Sterling,Lyenyng,slyenyngky@google.nl,Male,213.162.105.151
756,Standford,Boon,sboonkz@stumbleupon.com,Male,157.88.131.65
757,Lynn,Hanvey,lhanveyl0@paypal.com,Male,51.25.238.11
758,Augy,Plaice,aplaicel1@friendfeed.com,Male,65.57.115.250
759,Mycah,Jacquemot,mjacquemotl2@photobucket.com,Male,35.17.144.4
760,Raychel,Gave,rgavel3@wikispaces.com,Female,160.239.76.53
761,Eleanore,Duggen,eduggenl4@friendfeed.com,Female,47.78.66.38
762,Merry,Kynston,mkynstonl5@patch.com,Female,240.215.173.187
763,Stephannie,Kersaw,skersawl6@dedecms.com,Female,195.201.159.223
764,Cindie,Leffek,cleffekl7@mayoclinic.com,Female,228.55.175.108
765,Drucill,Antognelli,dantognellil8@dailymail.co.uk,Female,236.22.179.119
766,Pierce,Hazeldine,phazeldinel9@china.com.cn,Male,148.73.142.63
767,Anita,Bredgeland,abredgelandla@dedecms.com,Female,230.194.117.215
768,Danella,Raybould,draybouldlb@indiatimes.com,Female,196.201.165.86
769,Tedra,Burdis,tburdislc@miibeian.gov.cn,Female,62.108.122.160
770,Herculie,Luard,hluardld@ucoz.com,Male,10.213.240.23
771,Jehu,Bidewell,jbidewellle@edublogs.org,Male,240.233.129.208
772,Darrick,Barbey,dbarbeylf@businessinsider.com,Male,188.29.145.1
773,Joleen,Mucklo,jmucklolg@jimdo.com,Female,8.92.217.6
774,Shelton,Nozzolinii,snozzoliniilh@harvard.edu,Male,111.70.174.214
775,Kliment,Salack,ksalackli@google.ca,Male,250.179.108.135
776,Bebe,Shark,bsharklj@godaddy.com,Female,164.4.234.57
777,Hayden,Sisselot,hsisselotlk@nymag.com,Male,180.218.176.15
778,Haydon,Mirfield,hmirfieldll@imgur.com,Male,19.183.215.243
779,Reuven,Kynoch,rkynochlm@senate.gov,Male,209.49.126.151
780,Anet,Brodway,abrodwayln@sciencedirect.com,Female,126.164.126.87
781,Wileen,Pury,wpurylo@nba.com,Female,7.161.74.102
782,Julietta,Striker,jstrikerlp@nba.com,Female,0.86.144.234
783,Faydra,Mohamed,fmohamedlq@ucoz.com,Female,86.212.210.164
784,Stillmann,Rumin,sruminlr@pbs.org,Male,131.178.228.193
785,Giffer,Fernanando,gfernanandols@clickbank.net,Male,53.155.46.134
786,Sheilah,Gammet,sgammetlt@cbsnews.com,Female,187.79.157.191
787,Chuck,Gemson,cgemsonlu@ow.ly,Male,96.242.252.237
788,Stesha,Prahl,sprahllv@umich.edu,Female,233.47.232.23
789,Missy,Fairbrother,mfairbrotherlw@hubpages.com,Female,174.212.175.239
790,Anabel,Goodboddy,agoodboddylx@utexas.edu,Female,179.129.243.91
791,Violette,Duddle,vduddlely@google.com.hk,Female,21.19.157.92
792,Dolf,Kerwen,dkerwenlz@illinois.edu,Male,71.196.174.244
793,Madlin,Gatcliff,mgatcliffm0@google.ru,Female,254.176.96.252
794,Kelcy,Chaloner,kchalonerm1@deliciousdays.com,Female,61.36.25.205
795,Brandi,Treleven,btrelevenm2@pbs.org,Female,28.122.145.197
796,Fayina,Cattermole,fcattermolem3@wikia.com,Female,87.47.100.221
797,Glen,Hearns,ghearnsm4@businessinsider.com,Female,79.147.183.211
798,Anthea,Bucktharp,abucktharpm5@free.fr,Female,30.229.75.25
799,Jacinta,Troutbeck,jtroutbeckm6@fema.gov,Female,200.117.144.205
800,Uriah,Wattisham,uwattishamm7@instagram.com,Male,129.74.154.196
801,Dilan,Mattam,dmattamm8@free.fr,Male,29.157.101.70
802,Reina,Ruthen,rruthenm9@ca.gov,Female,140.84.231.6
803,Tristan,Sutherley,tsutherleyma@reddit.com,Male,251.36.187.149
804,Christophe,Schruurs,cschruursmb@arizona.edu,Male,44.1.157.203
805,Randy,Doman,rdomanmc@sitemeter.com,Male,102.64.82.112
806,Ingeborg,Kenway,ikenwaymd@zdnet.com,Female,92.121.247.59
807,Jock,Manlow,jmanlowme@eventbrite.com,Male,216.210.123.229
808,Celina,Melior,cmeliormf@hp.com,Female,29.66.139.206
809,Riva,Matisoff,rmatisoffmg@webmd.com,Female,232.169.21.238
810,Mort,Vinecombe,mvinecombemh@live.com,Male,254.134.10.129
811,Brier,Twomey,btwomeymi@prnewswire.com,Female,155.177.230.220
812,Allegra,Trassler,atrasslermj@bloomberg.com,Female,176.177.223.122
813,Dorothea,Shitliffe,dshitliffemk@trellian.com,Female,50.183.15.199
814,Sheila-kathryn,Divell,sdivellml@xrea.com,Female,175.16.168.182
815,Aile,Netherwood,anetherwoodmm@wix.com,Female,98.237.175.108
816,Ozzie,Willmott,owillmottmn@tumblr.com,Male,213.200.175.92
817,Cinda,Bernuzzi,cbernuzzimo@digg.com,Female,140.17.168.35
818,Jody,Reinhardt,jreinhardtmp@de.vu,Male,40.7.9.188
819,Fabio,Aberdalgy,faberdalgymq@jalbum.net,Male,71.79.244.208
820,Elnora,Hendriksen,ehendriksenmr@domainmarket.com,Female,123.45.220.40
821,Ware,Meechan,wmeechanms@marriott.com,Male,59.83.192.179
822,Alissa,Kiehnlt,akiehnltmt@npr.org,Female,126.28.135.146
823,Forbes,Sexten,fsextenmu@yellowpages.com,Male,41.226.75.210
824,Freida,Linner,flinnermv@youtube.com,Female,163.202.13.220
825,Jodie,Wybern,jwybernmw@soundcloud.com,Male,152.238.58.167
826,Evie,Tabour,etabourmx@nba.com,Female,207.57.244.191
827,Tammie,Suggey,tsuggeymy@over-blog.com,Male,45.114.115.160
828,Carolyne,Halbeard,chalbeardmz@pcworld.com,Female,251.213.69.187
829,Axel,Milburne,amilburnen0@amazon.co.uk,Male,33.149.110.190
830,Gherardo,Snowden,gsnowdenn1@imageshack.us,Male,243.72.132.82
831,Lois,Eckly,lecklyn2@vkontakte.ru,Female,253.160.117.91
832,Salomon,Woffinden,swoffindenn3@goodreads.com,Male,50.63.117.240
833,Cherise,Lippiatt,clippiattn4@blogs.com,Female,235.203.164.186
834,Fin,Bratton,fbrattonn5@opera.com,Male,13.120.238.9
835,Alysia,Beecroft,abeecroftn6@chicagotribune.com,Female,113.191.231.35
836,Rutger,Barnish,rbarnishn7@dell.com,Male,215.94.142.33
837,Austin,de Quesne,adequesnen8@scientificamerican.com,Male,40.190.205.147
838,Killy,Lightwing,klightwingn9@cbc.ca,Male,52.151.235.87
839,Marybeth,Poetz,mpoetzna@jiathis.com,Female,108.225.176.207
840,Garrick,Lethabridge,glethabridgenb@imdb.com,Male,154.184.90.221
841,Dannie,Pyne,dpynenc@soup.io,Female,211.145.198.115
842,Camille,Pebworth,cpebworthnd@phpbb.com,Female,117.131.189.107
843,Jodi,Forrest,jforrestne@nationalgeographic.com,Male,202.15.109.184
844,Alan,Radmore,aradmorenf@usgs.gov,Male,240.155.98.164
845,Domingo,McCrann,dmccrannng@4shared.com,Male,106.112.90.116
846,Bank,Barns,bbarnsnh@hubpages.com,Male,248.90.114.20
847,Ranique,Dunk,rdunkni@g.co,Female,54.74.110.165
848,Odelia,Dugmore,odugmorenj@xing.com,Female,219.156.198.124
849,Oran,Mallia,omalliank@cam.ac.uk,Male,154.92.32.114
850,Hagen,Brazenor,hbrazenornl@nationalgeographic.com,Male,128.135.87.148
851,Ogdon,Truscott,otruscottnm@merriam-webster.com,Male,248.218.51.247
852,Carmita,Bertomeu,cbertomeunn@slate.com,Female,200.12.18.117
853,Spense,Snowman,ssnowmanno@jigsy.com,Male,37.167.70.124
854,Nadya,Siverns,nsivernsnp@pcworld.com,Female,157.61.194.94
855,Ev,Laybourn,elaybournnq@yelp.com,Male,144.224.133.199
856,Bertrand,Rossborough,brossboroughnr@shinystat.com,Male,219.74.160.203
857,Mercedes,Gorgen,mgorgenns@wordpress.com,Female,204.71.108.121
858,Rosabelle,Matisse,rmatissent@tuttocitta.it,Female,177.177.85.70
859,Conway,Shotter,cshotternu@cmu.edu,Male,206.14.251.156
860,Dorthy,Nesterov,dnesterovnv@taobao.com,Female,105.195.54.169
861,Violet,Adkins,vadkinsnw@fda.gov,Female,123.56.105.127
862,Mart,Greenwell,mgreenwellnx@ask.com,Male,206.245.173.21
863,Renee,Emanuelov,remanuelovny@fotki.com,Female,132.204.10.34
864,Sissie,Tresvina,stresvinanz@istockphoto.com,Female,53.26.47.159
865,Christian,Wanderschek,cwanderscheko0@wisc.edu,Male,184.130.113.95
866,Stillman,Craigie,scraigieo1@nydailynews.com,Male,147.189.222.254
867,Sherrie,Duckett,sducketto2@java.com,Female,13.225.167.235
868,Lindsey,Goldes,lgoldeso3@cafepress.com,Male,36.200.157.210
869,Jeanna,Stranahan,jstranahano4@google.com.hk,Female,151.148.28.83
870,Ingram,Capnor,icapnoro5@ucoz.com,Male,68.174.64.92
871,Poul,Erat,perato6@samsung.com,Male,230.119.162.74
872,Niall,Paulou,npaulouo7@spotify.com,Male,32.57.14.238
873,Rockwell,Tipling,rtiplingo8@yellowpages.com,Male,188.64.174.230
874,Derrek,Riglesford,driglesfordo9@tripod.com,Male,215.218.82.244
875,Trisha,Pilkinton,tpilkintonoa@ebay.com,Female,156.209.101.113
876,Pepito,Tankus,ptankusob@aol.com,Male,184.159.222.39
877,Orsa,Petruska,opetruskaoc@homestead.com,Female,52.149.248.216
878,Ainslie,Yeskov,ayeskovod@indiegogo.com,Female,237.205.11.230
879,Kendricks,Allerton,kallertonoe@issuu.com,Male,44.115.105.161
880,Oswald,Rees,oreesof@ebay.co.uk,Male,253.40.80.236
881,Olvan,Cottle,ocottleog@hibu.com,Male,10.240.231.113
882,Yorker,Pundy,ypundyoh@mail.ru,Male,218.213.177.11
883,Norby,McCreath,nmccreathoi@usatoday.com,Male,109.62.160.79
884,Jeniece,Leaming,jleamingoj@cyberchimps.com,Female,51.128.167.18
885,Sergio,Heaford,sheafordok@1und1.de,Male,92.126.208.112
886,Blondy,Baribal,bbaribalol@google.com.au,Female,123.231.130.225
887,Ava,Choppin,achoppinom@zimbio.com,Female,213.160.56.153
888,Emmit,Sleicht,esleichton@jugem.jp,Male,54.191.95.10
889,Janean,Coslitt,jcoslittoo@joomla.org,Female,188.104.214.136
890,Brew,Matisoff,bmatisoffop@topsy.com,Male,104.105.36.72
891,Aurore,Bonhome,abonhomeoq@webmd.com,Female,38.100.68.137
892,Agnese,Lehenmann,alehenmannor@boston.com,Female,253.212.154.249
893,Quincy,Olesen,qolesenos@opera.com,Male,41.126.123.77
894,Marla,Dentith,mdentithot@sciencedirect.com,Female,44.110.38.10
895,Carley,Wallbank,cwallbankou@ibm.com,Female,115.116.192.26
896,Calli,Shurville,cshurvilleov@mapquest.com,Female,117.210.102.122
897,Ingunna,Halfhide,ihalfhideow@qq.com,Female,196.10.172.68
898,Hannis,Sainteau,hsainteauox@dailymotion.com,Female,253.85.232.103
899,Dara,Farriar,dfarriaroy@nature.com,Female,144.217.46.116
900,Berry,Lea,bleaoz@g.co,Female,104.240.117.27
901,Adler,Petrolli,apetrollip0@slashdot.org,Male,53.238.250.129
902,Mirabella,McCrostie,mmccrostiep1@1und1.de,Female,82.80.190.29
903,Germain,Pennini,gpenninip2@bloomberg.com,Male,13.86.52.182
904,Moise,Lapwood,mlapwoodp3@mayoclinic.com,Male,156.97.202.174
905,Penny,Rallin,prallinp4@dyndns.org,Female,63.59.177.248
906,Lola,Habershaw,lhabershawp5@trellian.com,Female,103.85.69.150
907,Gaylene,MacDunleavy,gmacdunleavyp6@hibu.com,Female,180.17.71.144
908,Freddie,Lean,fleanp7@stumbleupon.com,Male,136.35.16.242
909,Fania,Liff,fliffp8@timesonline.co.uk,Female,6.82.238.243
910,Nelson,Pardew,npardewp9@gnu.org,Male,134.211.38.199
911,Thelma,Tirone,ttironepa@nsw.gov.au,Female,116.78.219.36
912,Fifi,Minkin,fminkinpb@java.com,Female,21.112.72.179
913,Belia,Scripture,bscripturepc@cdbaby.com,Female,54.96.79.53
914,Hildagard,Chipperfield,hchipperfieldpd@zimbio.com,Female,204.207.172.20
915,Adey,Mayward,amaywardpe@gravatar.com,Female,44.90.220.33
916,Pren,McVey,pmcveypf@phoca.cz,Male,45.75.65.30
917,Stanly,Grouer,sgrouerpg@businessweek.com,Male,134.64.154.19
918,Kym,Fraanchyonok,kfraanchyonokph@upenn.edu,Female,71.95.122.120
919,Sabina,Rawood,srawoodpi@bbb.org,Female,12.107.21.21
920,Byran,Labat,blabatpj@booking.com,Male,97.177.176.68
921,Josias,Worssam,jworssampk@alexa.com,Male,181.166.210.119
922,Kiel,Misson,kmissonpl@etsy.com,Male,8.105.173.230
923,Christa,MacSkeagan,cmacskeaganpm@businessweek.com,Female,124.26.28.226
924,Selina,Sutcliffe,ssutcliffepn@skype.com,Female,207.239.78.107
925,Gisela,Simko,gsimkopo@shinystat.com,Female,245.144.250.91
926,Minerva,Plan,mplanpp@imageshack.us,Female,62.16.180.27
927,Nalani,Rosenbusch,nrosenbuschpq@123-reg.co.uk,Female,220.216.113.241
928,Kelly,Storr,kstorrpr@pen.io,Female,189.8.237.213
929,Terry,Lehon,tlehonps@ibm.com,Male,84.239.127.124
930,Collie,Tillman,ctillmanpt@google.com,Female,66.97.13.111
931,Lindi,Rosell,lrosellpu@mac.com,Female,142.102.11.96
932,Glendon,McCrackan,gmccrackanpv@indiatimes.com,Male,84.21.32.116
933,Shay,O'Heaney,soheaneypw@elpais.com,Female,93.124.165.185
934,Ewan,Gaucher,egaucherpx@thetimes.co.uk,Male,38.173.41.84
935,Yolande,Edds,yeddspy@freewebs.com,Female,131.213.208.57
936,Hasty,Warton,hwartonpz@un.org,Male,13.5.171.141
937,Donn,Hurling,dhurlingq0@narod.ru,Male,249.151.40.29
938,Estella,Owenson,eowensonq1@typepad.com,Female,40.237.39.115
939,Sabina,Durban,sdurbanq2@pinterest.com,Female,210.177.197.124
940,Berna,Crowne,bcrowneq3@fc2.com,Female,167.178.147.180
941,Syd,McCard,smccardq4@un.org,Male,238.202.112.43
942,Retha,Woodnutt,rwoodnuttq5@bigcartel.com,Female,59.213.72.189
943,Katya,Keech,kkeechq6@ow.ly,Female,67.44.207.94
944,Angelika,Huxley,ahuxleyq7@netlog.com,Female,27.179.141.216
945,Lindi,Dresse,ldresseq8@dailymail.co.uk,Female,105.226.106.221
946,Gerald,Bullant,gbullantq9@is.gd,Male,238.158.183.146
947,Rosette,Bramall,rbramallqa@delicious.com,Female,254.41.252.104
948,Winslow,Woodrooffe,wwoodrooffeqb@reuters.com,Male,5.28.56.133
949,Alia,Tabard,atabardqc@discuz.net,Female,204.88.114.42
950,Hendrick,Hammand,hhammandqd@reuters.com,Male,138.158.254.67
951,Daryn,Cheke,dchekeqe@prweb.com,Female,253.9.0.58
952,Killian,Redwin,kredwinqf@creativecommons.org,Male,39.199.177.220
953,Lyell,Churchman,lchurchmanqg@themeforest.net,Male,28.148.101.71
954,Nicoline,Youster,nyousterqh@rakuten.co.jp,Female,239.210.179.142
955,Marillin,Hearse,mhearseqi@spotify.com,Female,148.58.228.43
956,Marice,Frascone,mfrasconeqj@homestead.com,Female,65.225.225.93
957,Dagmar,Yeldham,dyeldhamqk@digg.com,Female,162.61.83.3
958,Alberta,Bottom,abottomql@odnoklassniki.ru,Female,60.245.179.71
959,Alikee,Philpots,aphilpotsqm@github.io,Female,5.128.142.18
960,Constancia,Godwin,cgodwinqn@meetup.com,Female,85.32.238.32
961,Caroljean,Sharple,csharpleqo@mit.edu,Female,20.152.3.12
962,Morgen,Tatlowe,mtatloweqp@baidu.com,Male,119.253.137.114
963,Melina,Ubsdall,mubsdallqq@vistaprint.com,Female,139.228.220.219
964,Dore,Currin,dcurrinqr@shop-pro.jp,Male,174.15.0.27
965,Christian,Cahn,ccahnqs@blogs.com,Male,83.79.154.90
966,Amalle,Gloster,aglosterqt@wiley.com,Female,41.19.105.67
967,Stavros,Emmanueli,semmanueliqu@ftc.gov,Male,183.63.241.16
968,Anthia,Cromer,acromerqv@yellowpages.com,Female,183.253.140.119
969,Jordana,Plumstead,jplumsteadqw@aol.com,Female,54.193.203.106
970,Lynna,Pyott,lpyottqx@nature.com,Female,158.187.38.147
971,Lillian,Temple,ltempleqy@imgur.com,Female,165.108.118.236
972,Hermann,Ozelton,hozeltonqz@blogger.com,Male,187.201.156.30
973,Adeline,Purcell,apurcellr0@dailymail.co.uk,Female,39.93.232.116
974,Britt,Cours,bcoursr1@globo.com,Male,243.228.87.215
975,Odette,Francesch,ofranceschr2@kickstarter.com,Female,228.104.49.9
976,Andre,Dilleston,adillestonr3@wikimedia.org,Male,33.23.148.70
977,Cynde,Sellers,csellersr4@google.ca,Female,11.133.240.45
978,Renell,Renoden,rrenodenr5@eventbrite.com,Female,126.246.112.240
979,Marketa,Dobson,mdobsonr6@bloomberg.com,Female,208.245.42.3
980,Barbe,Bille,bbiller7@mysql.com,Female,44.171.221.90
981,Cecil,Andreotti,candreottir8@amazon.co.uk,Female,226.251.46.11
982,Addy,Cargon,acargonr9@webmd.com,Female,219.97.253.164
983,Arri,Poplee,apopleera@omniture.com,Male,234.226.17.233
984,Darcie,Marham,dmarhamrb@people.com.cn,Female,170.148.219.75
985,Kelcey,Taffurelli,ktaffurellirc@chicagotribune.com,Female,135.239.16.181
986,Alida,Zanassi,azanassird@histats.com,Female,119.32.207.35
987,Zeb,Portchmouth,zportchmouthre@omniture.com,Male,61.233.158.218
988,Sansone,Eveleigh,seveleighrf@blogger.com,Male,128.235.225.248
989,Mellisent,D'Alesco,mdalescorg@weibo.com,Female,32.138.142.231
990,Frasco,Turone,fturonerh@myspace.com,Male,9.21.148.207
991,Waite,Garley,wgarleyri@uol.com.br,Male,89.241.91.217
992,Wilek,Lill,wlillrj@jalbum.net,Male,23.66.118.113
993,Correna,Frissell,cfrissellrk@yolasite.com,Female,133.122.213.78
994,Fay,Hovert,fhovertrl@accuweather.com,Female,223.108.109.242
995,Mischa,Bevir,mbevirrm@tinypic.com,Male,173.156.225.158
996,Fleming,Sher,fsherrn@netvibes.com,Male,180.246.111.232
997,Deerdre,Hardie,dhardiero@amazon.co.uk,Female,122.105.230.211
998,Rancell,Wagenen,rwagenenrp@pcworld.com,Male,109.249.16.228
999,Burk,Glowinski,bglowinskirq@rediff.com,Male,12.123.141.207
1000,Alaine,Toffel,atoffelrr@ameblo.jp,Female,64.29.180.77
